VarianceWTrans_image,SkewnessWTrans_image,CurtosisWTrans_image,Entropy_image,Class
3.6216,8.1674,-2.8073,-0.44699,0
4.5459,-2.6383,-2.4586,-1.4621,0
3.866,9.5228,1.9242,0.10645,0
3.4566,-4.4552,-4.0112,-3.5944,0
0.32924,9.6718,4.5718,-0.9888,0
4.3684,3.0129,-3.9606,-3.1625,0
3.5912,-6.81,0.72888,0.56421,0
2.0922,5.7588,8.4636,-0.60216,0
3.2032,9.1772,-0.75345,-0.61251,0
1.5356,8.7779,-2.2718,-0.73535,0
1.2247,-2.7066,-2.2135,-0.80647,0
3.9899,7.6625,2.3946,0.86291,0
1.8993,10.843,0.15394,-3.1108,0
-1.5768,8.7261,2.5462,-2.9362,0
3.404,-3.3895,-2.9915,1.1871,0
4.6765,1.9352,3.4896,1.4771,0
2.6719,2.8473,0.37158,0.58619,0
0.80355,-4.8794,4.3439,0.6017,0
1.4479,11.0272,8.3428,-2.1086,0
5.2423,7.8902,-4.353,-4.1013,0
5.7867,-4.4552,-2.6196,-0.48708,0
0.3292,1.9352,4.5718,-0.9888,0
3.9362,8.8855,-3.8235,-4.0172,0
0.93584,9.887,-1.6831,-1.6599,0
4.4338,-5.4981,-4.6795,-3.7483,0
0.7057,-3.7413,8.3368,-2.8715,0
1.1432,8.3909,5.5777,-0.63578,0
-0.38214,9.8187,2.1624,-3.7405,0
6.5633,-3.3584,-4.4113,-3.2258,0
4.8906,-0.17797,3.4202,1.0905,0
-0.24811,3.6274,4.9068,0.15429,0
1.4884,7.617,3.308,0.48921,0
4.2969,9.4111,-2.3874,-0.96164,0
-0.96511,0.80908,1.7305,-4.8629,0
-1.6162,6.4417,8.1628,0.60817,0
2.4391,6.0195,-0.80743,-0.69139,0
2.6881,0.81322,-0.46641,-0.69268,0
3.6289,3.1929,1.6277,0.77627,0
4.5679,9.7008,-2.1055,0.29653,0
3.4805,8.722,-3.7541,-3.4379,0
4.1711,9.2207,-3.0224,-0.59699,0
-0.2062,9.2931,-3.7044,-6.8103,0
-0.0068919,5.8395,-0.41243,-1.9638,0
0.96441,6.9176,2.3235,0.066365,0
2.8561,9.5663,-0.79372,0.48403,0
-0.7869,6.6258,-3.7867,-7.5034,0
2.0843,9.5663,0.48382,-2.2134,0
-0.7869,6.065,-3.7867,1.1871,0
3.9102,3.286,-2.4534,-0.68234,0
1.6349,-4.8835,2.8753,0.087054,0
4.3239,3.9834,1.3792,-0.5776,0
5.262,5.825,-1.5572,1.0103,0
3.1452,6.1499,-0.51439,-1.4944,0
2.549,5.496,-1.1605,-1.2371,0
4.9264,0.80287,-2.4774,-0.50648,0
4.8265,6.7769,1.6371,1.1875,0
2.5635,5.0097,1.3792,0.38576,0
5.807,1.9352,-2.2384,0.43878,0
3.1377,11.3603,4.5701,0.98963,0
-0.78289,1.9352,-0.37644,-7.0495,0
2.888,5.527,4.5907,-0.24398,0
0.49665,11.2962,1.7785,-0.47156,0
4.2586,-1.1174,-4.0943,-4.3457,0
1.7939,3.1039,1.5454,-0.26079,0
5.4021,2.599,-1.1536,1.5651,0
2.5367,-4.0765,2.0938,0.20085,0
4.6054,9.5332,2.7587,0.31981,0
2.4235,7.7846,-3.0789,-2.7746,0
1.0009,8.9848,-0.28219,-2.6608,0
0.12326,-2.3548,-0.9351,-2.4332,0
3.9529,0.49248,2.3792,0.48274,0
4.1373,10.0153,1.093,1.8276,0
4.7181,-3.4495,-3.9486,-3.8582,0
4.1654,10.9072,1.3792,1.0879,0
4.4069,3.5364,-4.5775,-4.4271,0
2.3066,7.9853,0.57551,0.41938,0
3.7935,1.9352,-2.5477,-1.872,0
0.049175,7.6439,1.7828,-0.72113,0
0.24835,3.9647,0.9885,-0.87371,0
1.1317,9.0862,3.3979,0.84351,0
2.8033,2.2907,-3.3668,-1.0224,0
4.4682,8.5978,0.95766,0.83058,0
5.0185,7.7763,-2.9375,-1.281,0
1.8664,6.63,-0.23849,-2.9634,0
3.245,2.6756,-0.63435,0.86937,0
4.0296,1.9037,0.80685,0.71679,0
-1.1313,6.8141,7.5339,1.022,0
0.87603,-2.7956,0.84198,-0.17156,0
4.1197,0.81529,2.0707,0.67412,0
3.8027,7.6377,2.1041,1.0245,0
1.4806,3.584,-2.7876,1.1871,0
4.0632,8.2068,0.72545,0.39481,0
4.3064,-6.3175,1.3792,-1.4336,0
2.4486,1.7837,7.9632,0.20602,0
3.2718,1.9352,2.1161,0.61334,0
-0.64472,1.076,8.347,-2.7099,0
2.9543,-6.8804,0.64577,0.89394,0
2.1616,10.9279,8.1517,-0.081048,0
3.82,11.4038,-4.0112,-5.0284,0
-2.7419,-5.1856,2.5394,-5.5793,0
3.3669,-2.4211,3.6935,-1.1427,0
4.5597,-0.49871,2.6413,1.6168,0
5.1129,-4.6145,0.62863,1.1189,0
3.3397,0.22761,3.9823,-0.23751,0
4.2027,1.2395,1.3792,0.97282,0
3.5438,10.6651,1.3792,2.1547,0
2.3136,7.886,-3.5288,-4.7672,0
-1.8584,9.5414,-1.6643,-1.8384,0
3.106,10.8306,-4.2536,-4.003,0
2.9163,-4.4676,-3.3437,-4.122,0
3.9922,5.6946,3.7304,-0.1095,0
1.518,9.647,0.094818,-0.026738,0
3.2351,6.8162,-3.2074,-2.5948,0
4.2188,6.9176,-1.2804,0.76076,0
1.7819,2.9135,-1.2744,-1.5759,0
2.5331,7.4163,-0.822,-0.12243,0
3.8969,6.7955,-1.8245,0.14007,0
2.108,0.70768,-0.1708,0.4905,0
2.8969,-3.7971,2.29,1.8663,0
0.9297,10.6878,4.6429,-0.2957,0
3.4642,10.4023,-3.4071,-4.109,0
4.0713,9.1214,-4.1722,-4.7582,0
-1.4572,1.9224,1.7425,-5.1241,0
-1.5075,9.9884,7.1466,0.89136,0
-0.91718,7.2011,1.1804,-5.2263,0
2.994,12.9516,-1.2153,0.3211,0
-2.343,-2.8846,3.3285,-5.9426,0
3.7818,1.3098,2.2558,-0.15734,0
4.6689,1.1112,0.055404,1.909,0
3.4663,-4.3414,1.7425,1.3388,0
3.2697,8.6703,3.6884,-0.29829,0
5.1302,6.1416,-2.8913,-1.5086,0
2.0139,5.5395,0.37929,0.56938,0
0.4339,9.3987,2.033,-0.40432,0
-1.0401,11.2196,0.85998,-5.3336,0
4.1605,9.4669,-3.6136,-4.0819,0
5.438,8.2026,-4.9417,-3.9202,0
5.032,10.5388,-2.6256,-1.0341,0
5.2418,9.2207,-4.1174,-4.2797,0
-0.2062,0.94358,-3.7044,-6.8103,0
2.0911,-0.34765,4.5512,1.234,0
1.7317,3.3336,4.1905,-0.99138,0
4.1736,-3.2467,-1.4244,0.60429,0
3.9232,10.1539,3.4579,0.83705,0
3.8481,-3.2633,-3.8561,-4.2228,0
0.5195,0.78425,3.0895,-0.9849,0
3.8584,-0.1759,1.1033,1.7008,0
1.7496,0.9829,5.1827,1.2922,0
3.6277,7.4018,0.68861,0.63403,0
2.7391,8.2274,0.071684,-2.5302,0
4.5447,11.9211,-2.4166,-1.5875,0
-1.7599,0.21313,2.6756,-3.3241,0
5.0691,11.112,0.20278,1.2095,0
3.4591,8.1654,-4.2039,-5.0931,0
1.9358,-0.99533,-0.023425,-2.2586,0
2.486,-4.5752,5.3404,-0.15475,0
2.4226,-3.7723,5.947,0.21507,0
3.9479,-4.4862,2.883,0.019813,0
2.2634,4.2358,3.6558,-0.61251,0
1.3566,3.8964,2.1341,0.3211,0
5.0452,8.6165,-1.4304,0.86291,0
3.5499,7.8695,-3.2794,-1.2009,0
0.17346,9.3593,0.26876,-3.7883,0
2.4008,1.5995,-3.3565,-3.3526,0
4.8851,-3.2674,-0.00029081,1.6401,0
4.1927,8.6496,2.5839,0.21766,0
1.1166,6.901,-0.96252,-1.8112,0
1.0235,11.8818,-2.0062,-2.7125,0
-1.803,6.2761,2.0458,-5.2728,0
0.11739,-0.0248,-1.5495,-2.4746,0
0.5706,-2.4583,1.2421,-0.5621,0
4.0552,1.0657,2.2806,1.0323,0
-1.6952,10.7271,8.8294,0.94955,0
-1.1193,2.4707,2.0938,-5.6504,0
1.8799,-3.7971,2.4931,0.37671,0
3.583,9.1297,3.4391,-0.12501,0
0.19081,5.6864,-3.725,-5.8224,0
3.6582,-1.7775,-1.7157,-0.23751,0
-0.13144,9.798,8.3316,0.35214,0
2.3925,3.0149,-3.0361,-2.8224,0
1.6426,-1.5789,0.22849,-0.147,0
-0.11783,8.6165,8.03,-0.028031,0
-0.69572,7.4101,1.8419,-4.3289,0
2.9421,11.9459,-0.97709,-0.88406,0
-1.7559,10.8803,3.0946,-4.8978,0
-1.2537,-4.4614,1.931,-4.3237,0
3.2585,6.3672,3.8024,-0.15087,0
1.8314,-3.6275,-0.036278,0.049554,0
4.5645,-5.0325,2.8684,0.27714,0
2.7365,-3.7971,6.6608,-0.57889,0
0.9297,10.1684,4.6429,-0.2957,0
3.9663,-0.08485,-4.1131,-4.6056,0
1.4578,3.0687,4.1785,0.59136,0
4.8272,12.3784,0.68604,0.80731,0
-2.341,7.886,0.70403,-7.5836,0
-1.8584,7.257,-1.6643,-1.8384,0
4.1454,6.0816,-1.9153,-0.86078,0
1.9157,-2.1914,0.23705,-2.0116,0
4.0215,5.8747,2.4648,1.1409,0
5.8862,10.8265,-2.8167,-0.30087,0
-2.0897,-3.5943,2.3603,-3.4198,0
4.0026,9.5663,3.5573,0.26809,0
-0.78689,10.2615,-3.7867,-7.5034,0
4.1757,7.5404,-3.8552,-4.3056,0
0.83292,2.2327,0.65005,-0.92544,0
4.8077,5.2684,-0.26334,1.5534,0
5.3063,9.2683,-2.8904,-0.52716,0
2.5605,7.6046,-3.5913,-1.356,0
2.1059,-0.73874,-0.47755,1.1871,0
2.1721,9.1814,5.4672,-0.72371,0
4.2899,10.1891,-4.6067,-4.3263,0
3.5156,8.0081,-4.2759,-4.978,0
2.614,2.3259,-3.7258,-1.3069,0
0.68087,0.74493,4.9085,0.54998,0
4.1962,2.9673,0.83256,0.753,0
6.0919,3.2964,-1.3267,1.4551,0
1.3234,1.0326,0.2362,-0.11984,0
1.3264,7.6274,5.6566,-0.41337,0
-0.16735,10.2678,1.2061,-3.6241,0
-1.3,12.5398,-2.953,-5.8638,0
-2.2261,6.4665,2.9438,-3.5258,0
2.4196,1.9352,-0.75688,0.228,0
1.0987,10.5326,5.989,-0.58277,0
4.6464,4.1158,-4.5852,-4.206,0
-0.36038,3.2136,3.1143,-0.37199,0
1.3562,-0.0248,4.3465,0.78662,0
0.5706,10.1374,1.2421,-0.5621,0
-2.6479,-3.137,-1.331,-5.4707,0
3.1219,1.5478,1.9259,-0.37458,0
5.4944,1.552,0.041694,1.9284,0
-1.3389,11.9604,7.0806,1.031,0
-2.3361,-0.033118,3.0835,-5.4435,0
2.2596,-0.63321,4.7355,-0.2776,0
0.46901,2.8701,7.3848,0.36507,0
2.7296,2.03,0.51124,0.5099,0
2.0466,9.498,2.1761,-0.083634,0
-1.3274,-2.1521,2.4408,-5.2689,0
3.8905,0.90427,2.6302,1.1047,0
3.9994,9.5083,1.1693,1.6892,0
2.3952,6.9321,-3.1783,-3.0086,0
3.2704,1.5664,-1.0456,0.23447,0
-1.3931,3.5488,7.5382,0.78403,0
1.6406,6.8576,1.3964,-0.36424,0
2.7744,9.3821,-1.0671,0.075416,0
2.4287,-2.806,-3.2477,-1.4543,0
4.2134,0.48213,2.0116,0.67412,0
1.6472,-0.99326,4.7449,1.225,0
2.0597,0.7098,5.2119,-0.29312,0
0.3798,8.4551,0.7572,-0.4444,0
1.0135,-4.4552,-1.672,-2.0815,0
4.5691,10.1105,3.1769,0.0042961,0
0.57461,9.1938,-1.6917,-4.3922,0
0.5734,3.257,-0.9094,-1.872,0
5.2868,10.6568,-1.3721,1.1668,0
4.0102,-3.6792,-4.1388,-5.0646,0
4.1425,-2.9177,3.8281,1.6297,0
3.0934,5.9947,2.2232,0.22283,0
2.2034,0.79459,0.53009,0.84998,0
3.744,2.2948,0.95851,1.0077,0
3.0329,7.2073,2.1135,0.35084,0
3.7731,2.8908,-1.6814,-0.94742,0
3.1557,7.6067,0.59693,0.79825,0
1.8114,7.2052,-0.9788,-2.4668,0
4.988,6.6155,-3.2846,-1.1608,0
2.483,4.7055,-0.79287,-0.90863,0
1.594,9.7484,1.3758,0.081882,0
-0.016103,9.7939,0.15394,-1.6134,0
3.8496,-3.7971,-4.1508,-4.4582,0
0.9297,2.4107,4.6429,-0.2957,0
4.9342,10.0215,-0.17594,1.6245,0
3.8417,9.9946,-4.2699,-4.9159,0
5.3915,-0.070365,-3.8081,-3.3642,0
4.4072,6.7976,2.0416,1.1319,0
2.6946,0.13863,-0.40301,0.44912,0
5.2756,6.2637,0.12138,1.1435,0
3.4312,-0.16555,-1.9513,-0.36165,0
4.052,-4.7759,0.45383,0.51248,0
1.3638,7.7763,8.4182,-1.8836,0
0.89566,7.7557,-2.7473,-1.9353,0
1.9265,-0.46146,-0.16823,-3.0771,0
0.20977,-2.9363,7.7267,0.90946,0
4.068,-4.0599,2.1992,0.50084,0
2.877,-0.89808,3.6259,-0.32544,0
0.3223,10.2678,8.0883,0.69222,0
-1.3,-6.4334,-2.953,-5.8638,0
1.7747,-4.4221,8.15,-0.89828,0
1.3419,10.5471,8.09,-1.7349,0
0.89606,2.9487,-1.4175,-4.0327,0
0.44125,6.2265,4.3225,0.7155,0
3.2422,3.5136,0.12224,-1.4466,0
2.5678,11.9625,0.61406,-0.40691,0
-2.2153,6.1189,0.078538,-7.7853,0
4.1349,-9.28E-06,-2.4294,-0.19613,0
1.934,1.1588,4.816,-0.33967,0
2.5068,6.0795,3.9249,0.12585,0
2.1464,7.0521,-0.5778,-2.2302,0
0.051979,8.035,-2.0541,-3.1508,0
1.2706,0.83391,-0.19651,-2.1888,0
1.143,9.0386,5.4552,-0.56984,0
2.2928,-4.4552,-3.2417,-1.2991,0
0.3292,6.8369,4.5718,-0.9888,0
2.9719,8.7489,-0.2702,0.71291,0
1.6849,11.6894,-1.2641,-1.3858,0
-1.9177,10.4726,2.5454,-3.2763,0
2.3729,9.767,-3.0087,-3.2013,0
1.0284,9.2186,-1.3687,-1.7853,0
0.27451,-4.7863,-3.2863,-4.8448,0
1.6032,10.1788,8.5193,-2.1203,0
4.616,7.6956,-4.2185,-4.4245,0
4.2478,-2.7004,-2.7696,-1.0767,0
4.0215,-4.9704,2.4957,0.36636,0
5.0297,2.2948,3.5025,-0.23751,0
1.5902,5.1939,3.2403,0.18404,0
2.1274,8.3847,-1.7971,-1.1763,0
1.1811,-4.4552,-2.0567,-0.90345,0
0.3292,5.2808,4.5718,-0.9888,0
5.7353,5.6574,-2.2598,0.075416,0
2.6718,-4.7076,0.72974,-1.4892,0
1.5799,2.2493,7.9186,-1.5487,0
2.9499,-3.2633,1.3458,-0.037083,0
0.5195,9.5911,3.0895,-0.9849,0
3.7352,2.0175,-3.9032,-3.3487,0
-1.7344,10.0277,7.7618,0.93532,0
3.884,1.2829,-3.9298,-4.0819,0
3.5257,2.4976,1.9276,1.7991,0
4.4549,-6.4624,1.0313,0.96894,0
-0.16108,9.4607,8.3573,-1.5216,0
4.2164,6.8224,-4.9288,-5.2366,0
3.5152,2.9094,-0.67377,-0.46898,0
1.6988,2.4542,2.9044,0.11033,0
1.0607,1.2436,2.5188,-0.17027,0
2.0421,1.3078,4.2171,0.90429,0
3.5594,5.8126,1.291,1.6556,0
3.0009,1.4112,-2.2306,-0.66553,0
3.9294,-4.0724,1.8076,0.89782,0
3.4667,3.9213,4.2882,1.5418,0
3.966,2.33,0.70574,0.33662,0
1.0191,5.616,4.9334,0.82929,0
0.96414,6.7562,2.2138,-0.12501,0
1.8205,7.8653,0.0099913,0.39481,0
4.9923,11.5093,-2.3515,-0.71984,0
-1.1804,0.23175,0.15565,-6.8194,0
4.0329,10.3878,0.89082,1.1823,0
0.66018,7.1307,-1.4029,-3.9151,0
3.5982,7.886,-1.3035,0.21248,0
-1.8584,0.46972,-1.6643,-1.8384,0
4.0972,0.91254,1.6671,0.91593,0
3.3299,3.1122,1.5806,0.39352,0
3.1088,8.5234,0.80857,0.4336,0
-4.2859,10.2036,3.1392,-0.91639,0
-1.2528,-3.2633,2.1787,-5.6038,0
0.5195,-4.4552,3.0895,-0.9849,0
0.3292,5.3449,4.5718,-0.9888,0
0.88872,9.3718,2.045,-0.19355,0
3.5458,8.0329,-4.0351,-3.9564,0
-0.21661,9.0821,1.8848,-3.8853,0
2.7206,8.6889,-3.3111,-0.96811,0
3.2051,10.8161,-2.9033,-0.7819,0
2.6917,11.5176,-3.3,-4.2888,0
-2.3242,-4.2006,1.8231,-5.375,0
2.7161,3.2674,4.1914,0.16981,0
3.3848,4.8028,0.90967,0.25128,0
1.7452,0.57732,2.0878,0.62627,0
2.805,5.5788,1.3424,1.2133,0
5.7823,1.734,-2.4089,-0.056479,0
3.8999,6.332,1.6011,0.96765,0
3.5189,7.7391,-1.7791,-0.020273,0
3.2294,3.1639,-0.37816,-2.5405,0
3.4985,1.3781,0.22677,-0.1651,0
2.1948,9.9636,1.1582,0.85774,0
2.2526,-3.9358,-3.1749,-2.9944,0
4.1529,11.17,2.8633,-0.017686,0
0.74307,8.871,-1.3824,-4.0728,0
1.9105,0.070346,-2.3386,-0.75604,0
-1.5055,10.7727,6.8681,-0.50648,0
0.58836,7.8384,-1.3884,-4.3276,0
3.2303,11.6542,-3.5348,-1.2151,0
-1.9922,9.0096,2.6542,-5.2107,0
2.8523,2.4955,-3.761,-3.3371,0
4.2772,0.039307,0.48554,0.36119,0
1.5099,10.1457,6.2332,-0.30346,0
5.4188,2.6963,-4.084,-3.6991,0
0.86202,10.1457,4.2908,0.54739,0
3.8117,10.3754,-4.0463,-4.5629,0
0.54777,7.4908,-1.5435,-4.1633,0
2.3718,11.1472,0.015989,-1.7414,0
-2.4953,-2.6611,1.9353,-3.4638,0
4.6361,11.5321,2.8358,1.1991,0
-2.2527,10.423,2.5899,-3.2737,0
3.7982,8.2895,-4.1602,-4.9728,0
-0.36279,6.8783,-1.9213,-3.3332,0
2.1265,5.5643,0.44784,-2.2224,0
0.86736,10.0526,1.6765,-0.16769,0
3.7831,12.1177,-3.8869,-3.7366,0
-2.2623,4.4303,0.28846,-7.7581,0
1.2616,3.1349,-1.3335,-1.7517,0
2.6799,5.9781,0.34073,0.58489,0
-0.39816,0.35798,1.3912,-1.1621,0
4.3937,5.6222,2.0416,1.2004,0
2.9695,-0.15521,0.27561,-1.1556,0
1.3049,-5.8395,6.4911,-0.75346,0
2.2123,6.9383,7.7687,-0.85302,0
1.9647,-2.5845,0.57722,0.66377,0
3.0864,0.7098,2.2309,0.30947,0
0.3798,7.4266,1.3792,-0.4444,0
0.58982,7.946,1.2353,-2.9595,0
0.14783,6.1975,1.0742,-3.3409,0
-0.062025,1.1319,1.099,-1.131,0
4.223,7.1018,0.72202,0.96118,0
0.64295,0.46351,1.3792,-0.41337,0
1.941,0.45937,4.6472,1.0879,0
4.0047,9.7794,1.3621,1.6181,0
3.7767,-0.15314,-3.9075,-3.5323,0
3.4769,9.2621,2.53,2.4495,0
1.9818,-3.8696,-3.521,-1.872,0
3.8023,11.1079,4.044,0.95343,0
4.3483,1.3864,-4.0857,-4.2539,0
1.1518,1.5892,5.2727,-0.43536,0
-1.2576,-5.1153,7.0078,0.42455,0
1.9572,12.1611,8.6127,-1.4297,0
-2.484,1.2954,2.8204,-3.7418,0
-1.1497,10.0132,7.701,0.62627,0
4.8368,8.8068,-4.3239,-4.3276,0
-0.12196,6.3961,0.94566,-4.2267,0
1.9429,-4.809,0.092248,0.58102,0
1.742,10.8409,8.2142,-2.0659,0
-1.5222,10.2678,2.7827,-4.0974,0
-1.3,-0.14693,-2.953,-5.8638,0
3.4246,-4.9518,0.80342,0.29136,0
2.5503,6.3465,6.3729,-0.41596,0
1.5691,4.9228,-0.1828,-2.4099,0
1.3087,8.2316,2.0013,0.22024,0
5.1776,9.6325,-3.2511,-1.5694,0
2.229,10.0857,-3.1123,-2.7164,0
5.6272,8.7986,-4.2931,-3.8142,0
1.2138,0.7098,-2.1672,-0.74182,0
0.3798,6.0319,0.7572,-0.4444,0
0.5415,5.6802,1.6825,-0.46122,0
4.0524,2.1065,-1.9693,0.026279,0
4.7285,0.66216,-0.28305,1.5625,0
3.4359,10.2429,2.1041,1.8922,0
0.86816,9.8022,-1.4912,-4.0082,0
3.359,2.9942,-3.8209,-3.7133,0
3.6702,6.1189,0.85141,0.30688,0
1.3349,-3.4143,0.46497,0.49826,0
3.1887,2.9653,2.7742,-0.2026,0
2.4527,2.9735,0.20021,-0.056479,0
3.9121,10.5885,0.92852,0.60558,0
3.9364,-3.2902,-3.725,-4.3133,0
3.9414,-3.9585,3.1674,1.0866,0
3.6922,7.795,4.3439,1.3517,0
5.681,9.0862,-2.6848,-0.92544,0
0.77124,9.7753,-1.2281,-1.4996,0
3.5761,6.1251,-3.9795,-3.4638,0
1.602,10.216,0.52924,0.47886,0
2.6682,1.8644,-3.4414,-4.0069,0
2.0007,3.1287,2.6491,0.47369,0
0.64215,-3.0729,4.2933,0.64696,0
4.3848,9.0552,3.0423,1.2741,0
0.77445,8.393,-2.4089,-1.3884,0
0.96574,8.7324,-1.361,-1.4659,0
3.0948,7.6046,-2.9007,-0.96682,0
4.9362,11.2217,-2.3429,-0.85302,0
-1.9458,-0.44284,1.9079,-3.4405,0
5.7403,12.1984,0.38015,1.3763,0
-2.6989,3.5985,0.67661,-8.5482,0
1.1472,8.96,1.9387,-0.43406,0
2.9742,7.2094,-2.9024,-1.0379,0
4.5707,6.5079,-3.2794,-1.4944,0
0.1848,9.2931,2.0133,-0.87242,0
0.87256,6.8866,-0.7843,-2.1978,0
0.39559,6.1851,1.0588,-0.67587,0
3.8384,7.3108,-2.0439,-0.033204,0
2.8209,9.7546,-0.81857,-1.8784,0
2.5817,0.23175,-3.1749,-2.9957,0
3.8213,0.7098,2.0133,2.0564,0
0.3798,6.69,0.7572,-0.4444,0
3.4893,0.8546,-1.2042,-0.38751,0
-1.7781,2.4769,7.1303,0.027572,0
2.0962,-0.57113,1.9379,-0.040962,0
0.94732,9.4007,7.1903,-0.67587,0
2.8261,8.3661,-3.3034,-1.0509,0
0.0071249,7.1907,0.50781,-3.8155,0
0.96788,2.1086,1.2798,-2.4565,0
4.7432,7.2797,0.1368,1.6543,0
3.6575,6.4023,-2.2692,-1.144,0
3.8832,8.811,-2.432,-0.98363,0
3.4776,7.9212,-3.1886,-0.92285,0
1.1315,2.8597,1.093,-2.8444,0
2.8237,6.0423,0.19678,0.57196,0
1.9321,-3.3315,0.26019,-2.053,0
3.0632,10.8306,5.1305,0.8267,0
-1.8411,11.3045,2.769,-3.0901,0
2.8084,-4.4076,-3.3394,-4.4194,0
2.5698,10.3216,5.9856,0.078002,0
-0.12624,-4.0951,-3.7121,-6.1185,0
3.3756,-1.6037,4.367,1.0698,0
-0.048008,-0.0248,8.4756,0.75558,0
0.5706,6.5906,1.2421,-0.5621,0
0.88444,3.7061,0.55837,-0.44182,0
3.8644,2.5762,0.70403,0.35214,0
1.2999,-6.8638,2.0107,-0.18967,0
2.0051,0.27727,8.132,-0.2401,0
4.9294,6.3485,0.20792,0.33662,0
2.8297,8.633,-0.73546,-0.58665,0
2.565,8.3061,-2.9941,-1.3082,0
2.093,5.6264,0.022844,-3.2724,0
4.6014,-0.35799,-2.1235,0.19309,0
5.0617,9.0489,0.44698,0.99868,0
-0.2951,2.4004,-0.52725,-2.0789,0
3.577,2.5017,1.8908,0.73231,0
3.9433,10.754,1.5215,0.903,0
2.6648,6.1664,-3.3994,-4.1685,0
5.9374,1.8479,-2.5905,-0.36553,0
2.0153,5.9409,3.1375,0.42843,0
5.8782,12.606,-2.8544,-0.60863,0
-2.3983,4.3682,2.9464,-5.7888,0
1.762,-2.4852,2.1384,0.75429,0
4.2406,6.87,1.608,0.7155,0
3.4669,5.7526,-1.0568,-0.73147,0
3.1896,9.1566,-0.18537,-0.30087,0
0.81356,0.96427,-2.1492,-4.1814,0
0.52855,-2.0403,4.0243,-1.0483,0
2.1319,4.5731,2.5574,-0.061652,0
0.33111,8.8172,2.057,-0.18967,0
1.2746,7.4556,-1.5323,-1.7957,0
2.2091,7.528,-1.3284,-3.3021,0
2.5328,1.4609,-0.41929,-2.6478,0
3.6244,12.5026,1.3501,1.9284,0
-1.3885,5.8312,0.69118,-7.5487,0
5.7227,10.3567,-2.4097,-0.24527,0
3.3583,2.2369,-3.7301,-3.6991,0
2.5227,6.7334,2.7236,0.79438,0
0.045304,7.7598,1.0708,-0.9332,0
4.8278,-4.7738,-2.4491,-1.2216,0
1.9476,0.66216,8.527,-1.8668,0
2.7659,-0.76771,4.1494,-0.28406,0
-0.10648,-0.053811,7.7575,0.64179,0
0.72252,1.4816,5.6703,-1.3509,0
4.2475,0.33521,-0.48355,0.95343,0
3.9772,4.302,2.2566,2.1625,0
3.6667,10.8513,0.55923,0.33791,0
2.8232,11.6542,-3.1466,-3.9784,0
-1.4217,1.1981,-0.057699,-7.1025,0
4.2458,-4.8069,0.66633,0.94696,0
4.1038,8.7903,3.3491,-0.49225,0
1.4507,-3.9172,-2.2324,-0.65259,0
3.4647,6.1458,3.9746,0.36119,0
1.8533,0.71596,1.0176,-2.0401,0
3.5288,1.0367,1.9507,1.9375,0
3.9719,9.3614,0.75973,1.0013,0
3.534,9.887,-3.6316,-1.2461,0
3.6894,-4.4117,-4.0788,-4.3664,0
3.0672,-4.8152,3.8238,-0.81682,0
2.6463,3.733,6.3549,0.003003,0
2.2893,7.9274,0.6312,-0.39786,0
1.5673,0.51524,-0.056842,-2.1694,0
4.0405,-4.8794,1.0279,1.106,0
4.3846,-0.25246,3.3662,-0.029324,0
2.0165,11.1741,5.1707,1.0763,0
4.0446,-0.64976,-4.3582,-4.7401,0
-0.33729,12.7302,7.6659,0.72326,0
-2.4604,10.9258,0.91738,-7.6418,0
4.1195,0.82356,-3.8929,-4.1802,0
2.0193,7.9129,4.6369,1.4202,0
1.5701,7.586,0.29018,-2.1953,0
2.6415,8.0764,-0.28562,-1.6677,0
5.0214,3.3295,-3.0515,-1.7155,0
4.3435,-6.7748,0.83598,0.64955,0
1.8238,0.9291,8.3873,-0.54139,0
3.9382,-5.1422,0.78543,0.6767,0
2.2517,10.3671,4.2916,-1.2487,0
5.504,9.171,-4.413,-4.0211,0
2.8521,9.1566,-3.6461,-1.2047,0
1.1676,8.0081,-2.0867,-0.80647,0
2.6104,10.067,-0.23592,-1.7608,0
0.32444,-4.7904,-1.1982,-4.1284,0
3.8962,-0.8091,3.3954,-0.53751,0
2.1752,8.9331,5.1022,-0.67975,0
1.1588,8.2957,-2.0807,-1.1272,0
4.7072,11.8052,-2.5605,-1.4905,0
-1.9667,0.40143,-0.40472,-7.8719,0
4.0552,-6.839,1.4563,0.65343,0
2.3678,6.8369,8.4207,-0.44829,0
0.33565,-5.3036,0.69718,-0.55691,0
4.3398,8.5482,3.8803,-0.70432,0
1.5456,8.3847,0.4187,-2.1784,0
1.4276,8.1881,-2.0995,-1.9677,0
-0.27802,8.6413,-3.1338,-2.5276,0
0.93611,-3.0087,-1.6351,-1.3043,0
4.6352,-5.5871,2.6773,1.212,0
1.5268,2.4728,8.6564,-1.722,0
0.95626,1.7734,4.4578,0.21636,0
-2.7914,3.5116,6.7756,-0.39915,0
5.2032,7.2321,-1.2538,1.0129,0
3.1836,5.1815,-1.0713,-2.5909,0
0.65497,10.3009,1.0673,-0.42113,0
5.6084,7.4432,-4.8003,-4.3534,0
1.105,-2.9156,0.41099,-3.0332,0
3.9292,6.4003,2.2129,0.30817,0
1.1558,2.6218,1.5506,0.6961,0
2.5581,10.9796,1.8513,0.40257,0
2.7831,2.7811,-3.557,-4.4039,0
3.7635,10.1374,0.66119,0.34179,0
-2.6479,8.3682,-1.331,-5.4707,0
1.0652,11.8797,-1.4004,-1.6509,0
-1.4275,10.1808,0.41613,-6.9978,0
5.7456,3.2798,-4.7857,-4.3366,0
5.086,5.4049,-1.2701,1.1189,0
3.4092,9.3221,-2.5228,-0.89958,0
-0.2361,8.9951,2.1307,-4.3793,0
3.8197,1.8127,-4.383,-4.0327,0
-1.1391,0.68906,6.9144,0.70127,0
4.9249,6.841,0.77344,1.2095,0
2.5089,9.2207,-0.029423,0.44912,0
-0.2062,6.8514,-3.7044,-6.8103,0
3.946,8.1881,-1.5443,-0.5582,0
-0.278,3.2074,-3.1338,-2.5276,0
1.8592,7.6294,-0.15966,-0.26208,0
0.56953,-4.449,1.5754,-3.2233,0
3.4626,1.1484,3.5427,0.15429,0
3.3951,-0.52974,2.1401,2.0862,0
5.0429,7.1783,0.50439,1.106,0
3.7758,7.6398,-1.5195,0.40128,0
4.6562,-2.9674,-2.4243,-1.2384,0
4.0948,6.063,2.3689,0.75429,0
1.8384,0.43661,0.54723,0.51248,0
2.0153,0.7201,4.5864,-0.3151,0
3.5251,-5.4236,1.6928,0.64438,0
3.757,3.5178,3.8255,-1.2526,0
2.5989,0.97462,0.7623,0.81119,0
1.8994,-3.9482,4.2265,0.81377,0
3.6941,-2.3507,4.2625,1.1577,0
4.4295,5.2187,1.7048,0.90946,0
6.8248,-2.5163,-2.5425,0.5461,0
1.8967,-6.1665,2.8093,-0.79742,0
2.1526,7.0811,8.0831,-0.34355,0
3.3004,7.05,-1.3258,0.22283,0
2.7213,-3.0336,-0.58808,0.41809,0
3.8846,-0.4449,2.5334,0.20214,0
4.1665,5.8561,0.23448,0.27843,0
0.94225,-0.031048,1.8762,-0.32544,0
5.1321,6.8121,0.32616,1.1151,0
0.38251,-2.5928,1.8128,-0.61251,0
3.0333,6.0464,2.3183,0.303,0
2.9233,10.2926,-0.11168,-0.58665,0
1.162,2.5762,-1.2821,-4.0392,0
3.7791,5.9781,1.3098,0.5655,0
0.77765,-1.0471,1.1941,-0.3526,0
-0.38388,9.4359,8.0514,0.49567,0
0.21084,-4.5938,-0.094543,-1.859,0
2.9571,-3.3729,5.9068,0.57196,0
4.6439,-4.3062,2.5976,0.55257,0
3.3577,2.9073,6.0241,0.18274,0
3.5127,10.7044,1.0579,0.40774,0
2.6562,10.694,-3.3085,-4.0767,0
-1.3612,8.1881,1.7022,-2.9026,0
-0.278,-6.9321,-3.1338,-2.5276,0
1.04,2.7356,8.2888,-1.2991,0
2.1881,-2.6528,1.3278,-0.1832,0
4.2756,6.8741,2.1375,0.94437,0
-0.11996,8.7944,0.91995,-0.6694,0
2.9736,-3.3109,-3.6359,-1.3754,0
3.7798,3.7557,2.6491,0.066365,0
5.3586,6.1292,-1.7345,1.0789,0
1.8373,0.89599,0.84027,0.55257,0
1.2262,-0.56078,5.7568,-0.11596,0
-0.048008,-0.024841,7.7215,0.453,0
0.5706,0.46351,1.2421,-0.56208,0
4.3634,-4.1634,1.4281,2.0202,0
3.482,-3.2633,3.5008,-0.078462,0
0.51947,-2.628,3.0895,-0.98492,0
2.3164,11.0334,3.1529,-0.08622,0
-1.8348,8.8793,3.1863,-4.8888,0
1.3754,5.8974,-1.9136,-0.53751,0
-0.16682,7.1328,0.49839,-0.70044,0
0.29961,9.3262,-0.31475,-1.1828,0
0.25035,1.3926,-3.6873,-6.2543,0
2.4673,6.6424,1.7125,0.41421,0
0.77805,2.9508,-1.1425,-1.0573,0
3.4465,-4.1427,1.0271,0.5461,0
2.2429,-3.884,5.2333,-0.40173,0
3.7321,-3.584,3.3577,-0.0060486,0
4.3365,10.8223,3.6884,0.74912,0
-2.0759,7.6398,2.6439,-4.837,0
4.0715,5.8209,-2.0824,-1.1698,0
0.76163,7.3273,1.1959,-0.64613,0
-0.53966,5.7919,0.46583,-1.4543,0
2.6213,-3.3378,0.065686,-1.5759,0
3.0242,5.3905,2.5865,-0.54785,0
5.8519,-0.0248,-2.4037,-0.061652,0
0.5706,11.1513,1.2421,-0.5621,0
3.9771,9.1814,-3.9272,-4.3444,0
1.5478,0.36625,-1.6326,-1.7375,0
0.74054,10.2243,2.1992,0.48403,0
0.49571,7.8612,-1.097,-4.0159,0
1.645,6.8576,-0.87598,-3.5569,0
3.6077,-3.7082,-1.1622,0.28231,0
3.2403,10.2491,5.2804,0.41291,0
3.9166,6.0299,-4.0926,-4.4659,0
3.9262,10.4643,-2.0156,-0.065531,0
5.591,-3.6978,-4.3839,-4.3379,0
3.7522,4.5462,3.9943,1.3051,0
1.3114,6.9942,2.2935,0.22541,0
3.7022,-3.1039,-1.8511,-0.12889,0
4.364,1.4423,2.3757,0.78532,0
3.5829,-4.8297,1.0219,1.4008,0
4.65,3.9606,3.4553,-0.25174,0
5.1731,3.4184,-1.983,0.40774,0
3.2692,1.6223,0.20706,-0.066824,0
2.4012,-4.4697,3.0312,0.71679,0
1.7257,6.9859,8.2219,-1.8073,0
4.7965,10.1891,-1.9967,-0.35001,0
4.0962,3.3605,-3.9323,-4.1827,0
2.5559,8.5709,2.0321,0.26809,0
3.4916,-3.2633,-3.0326,-0.59182,0
0.5195,7.2673,3.0895,-0.9849,0
2.9856,5.4132,-0.409,-2.2431,0
4.0932,-0.76978,-1.8219,0.23576,0
1.7748,0.32694,5.5854,1.3039,0
5.2012,-1.3678,0.17965,1.1797,0
-0.45062,8.1116,7.0858,-0.40303,0
4.8451,7.2756,-2.9512,-1.4724,0
0.74841,8.5565,1.1504,-0.5388,0
5.1213,-3.7454,-3.3917,-1.5474,0
3.6181,8.5234,2.8273,-0.71208,0
0.040498,10.1374,1.4461,-3.9306,0
-2.6479,0.70975,-1.331,-5.4707,0
0.37984,0.091039,0.75716,-0.44441,0
-0.95923,10.0008,6.2204,-1.4828,0
2.8672,9.109,-3.2049,-3.1095,0
1.0182,11.4535,-0.62064,-1.7129,0
-2.7143,-3.1081,2.1092,-3.9629,0
3.8244,2.121,2.4537,0.52024,0
2.7961,6.7086,1.8385,0.38317,0
3.5358,8.7241,-0.81857,0.47886,0
-0.7056,7.2756,2.2215,-4.5965,0
4.1542,9.4318,-2.4766,-1.2099,0
0.92703,-6.4748,-0.66263,-1.6728,0
1.8216,12.6247,8.0514,-0.41855,0
-2.4473,-3.0957,0.73573,-7.6612,0
3.5862,9.6594,2.8093,0.24481,0
0.66191,1.7071,-0.28819,-1.6638,0
4.7926,8.3516,-0.051701,1.4926,0
4.9852,3.0294,-2.5425,-1.2823,0
0.75736,7.6336,2.9164,-0.068117,0
4.6499,7.1742,-1.9427,-0.37458,0
-0.023579,0.0082678,0.78457,-0.75734,0
0.85574,0.66009,6.6042,-0.53104,0
0.88298,-4.391,6.0096,-0.43277,0
4.0422,8.0992,4.7466,1.137,0
2.2546,6.5989,-0.24877,-3.2698,0
0.38478,-5.1711,-0.3336,-0.56466,0
3.1541,0.23589,6.5991,0.57455,0
2.3969,2.0755,4.8477,1.437,0
4.7114,10.1477,-0.2702,1.2379,0
4.0127,3.1681,-3.9366,-4.0728,0
2.6606,1.8541,1.9619,0.18662,0
3.931,8.693,-0.023425,1.2314,0
0.01727,0.40971,1.3989,-3.9668,0
3.2414,3.5757,1.4015,1.1952,0
2.2504,3.3191,0.35273,0.2836,0
-1.3971,-0.14279,-1.3927,-1.9948,1
0.39012,-7.1535,-0.031994,0.35084,1
-1.6677,-12.8047,7.8929,0.96765,1
-3.8483,-8.213,15.6824,-1.281,1
-3.5681,-0.30626,10.083,0.96765,1
-2.2804,2.7397,1.3347,1.3763,1
-1.7582,3.1991,-2.5323,-2.234,1
-0.89409,0.12415,-1.8219,-2.9452,1
0.3434,-6.661,-0.28733,0.14654,1
-0.9854,-9.1359,5.8245,0.5461,1
-2.4115,-6.2534,9.3444,-0.65259,1
-1.5252,-0.091058,5.3524,0.59912,1
-0.61442,2.8928,-0.31818,0.50214,1
-0.36506,6.5679,-3.6461,-3.0603,1
-5.9034,2.7521,0.67661,-6.6797,1
-1.8215,-1.8768,-0.72261,-2.353,1
-0.77461,-9.0366,2.4023,1.1319,1
-1.8187,-12.9309,9.0162,-0.12243,1
-3.5801,-6.8824,13.1779,-2.5677,1
-1.8219,-0.38696,5.4681,0.057313,1
-0.3481,3.3605,-0.47841,0.62627,1
0.47368,4.8587,-4.5064,-4.0431,1
-3.4083,-0.30005,-0.76888,-4.8668,1
-1.6662,-7.1059,1.4238,0.024986,1
-2.0962,-10.4519,6.6188,-0.33708,1
-2.6685,-4.3496,9.1139,-1.7323,1
-0.47465,1.1857,1.9901,0.7517,1
1.0552,3.8095,-2.6411,0.11033,1
1.1644,7.3708,-4.9408,-4.0909,1
-4.4779,0.45523,-0.31218,-6.7754,1
-2.7338,-5.4484,2.4391,0.21766,1
-2.286,-6.3444,5.8039,0.88231,1
-1.6244,0.47799,4.6575,0.16981,1
0.50813,4.2503,-1.9804,0.57714,1
1.6408,4.84,-4.9023,-2.6621,1
0.81583,9.1048,-5.2613,-6.0823,1
-5.4901,2.7935,-0.38758,-5.9763,1
-3.2238,-1.5147,0.32274,-0.86078,1
-2.0631,-2.0113,1.219,0.44524,1
-0.91318,1.9327,-0.19565,0.066365,1
0.6005,3.3377,-3.2888,-0.32415,1
0.91315,3.0729,-4.0557,-1.6741,1
-0.28015,3.3253,-3.3857,-2.9155,1
-3.6085,8.6806,-0.51954,-3.5737,1
-6.2003,3.3419,0.0091344,-3.703,1
-4.2932,-0.062088,0.77258,-0.99785,1
-3.0265,-0.010356,0.68604,-0.055186,1
-1.7015,2.4748,-0.99337,-0.53104,1
-0.64326,1.9348,-2.9452,-1.0276,1
-0.86339,1.0512,-2.3729,-1.0897,1
-2.0659,1.5685,-0.46298,-1.0974,1
-2.1333,-1.4733,-0.084261,-1.7453,1
-1.2568,-6.841,2.8718,0.44653,1
-3.1128,-5.9037,10.7402,-1.0172,1
-4.8554,3.8654,10.9818,-0.82199,1
-2.588,1.4733,-0.3336,-1.2797,1
0.24394,-5.0966,-1.4192,-0.58535,1
-1.5322,-13.4979,6.6779,0.17498,1
-4.0025,-8.3123,17.6772,-3.3202,1
-4.0173,-0.53181,12.4547,-1.4375,1
-3.0731,3.2301,2.3877,0.77627,1
-1.979,-0.14693,-1.3575,-2.5819,1
-0.4294,-7.0314,0.044265,-0.15605,1
-2.234,-12.4736,7.4936,0.61334,1
-4.211,-8.0971,14.9704,-1.3884,1
-3.8073,-0.10554,10.1772,0.65084,1
-2.5912,3.0915,1.2798,1.0414,1
-2.2482,3.2922,-2.3969,-2.6711,1
-1.4427,-0.020702,-1.9702,-3.4392,1
-0.39416,-6.6383,-0.066267,-0.44699,1
-1.522,-9.0407,5.7491,-0.10691,1
-2.8267,-6.0237,9.0694,-0.98233,1
-1.7263,0.039307,5.2419,0.29524,1
-0.94255,3.0025,-0.24192,0.31593,1
-0.89569,6.6651,-3.6067,-3.4457,1
-6.2815,3.166,0.52581,-7.0107,1
-2.3211,-2.0776,-1.0002,-2.7151,1
-1.3414,-9.3263,2.8093,0.60688,1
-2.258,-12.8461,9.3727,-0.85949,1
-3.8858,-6.7893,12.7957,-3.1353,1
-1.8969,-0.24832,5.2761,-0.32544,1
-0.52645,3.5612,-0.45613,0.41938,1
0.0096613,4.898,-4.407,-4.4103,1
-3.8826,-0.16762,-0.92311,-5.0801,1
-2.1405,-7.3046,1.321,-0.20906,1
-2.4824,-10.0712,6.839,-0.59053,1
-2.9098,-4.002,8.4156,-1.9948,1
-0.60975,1.1071,1.8471,0.6017,1
0.83625,3.9544,-2.4706,-0.062945,1
0.60731,7.0542,-4.772,-4.4853,1
-4.8861,0.42212,-0.17252,-6.959,1
-3.1366,-5.6574,2.6225,-0.064238,1
-2.5754,-6.5865,6.103,0.65214,1
-1.8782,0.57318,4.8486,-0.021566,1
0.24261,4.2855,-1.9402,0.44007,1
1.296,5.0097,-4.8457,-2.9013,1
0.25943,9.1752,-5.0394,-6.3862,1
-5.873,2.6901,-0.27448,-6.0422,1
-3.4605,-1.4402,0.16165,-1.0224,1
-2.3797,-1.7175,1.1273,0.16076,1
-1.2424,1.9182,-0.52553,-0.21036,1
0.20216,3.5012,-3.2828,-0.61768,1
0.59823,3.2322,-3.9795,-1.7841,1
-0.77995,3.4619,-3.282,-3.1004,1
-4.1409,8.7696,-0.47841,-3.8879,1
-6.5084,3.4288,0.23191,-3.937,1
-4.4996,0.10139,0.56265,-1.1672,1
-3.3125,0.3766,0.55323,-0.2957,1
-1.9423,2.5349,-1.2898,-0.82458,1
-0.75793,1.9824,-3.0464,-1.2629,1
-0.95403,1.4671,-2.3163,-1.1957,1
-2.2173,1.9679,-0.72689,-1.1724,1
-2.799,-0.84841,-0.42357,-2.1125,1
-1.8629,-6.2285,2.5377,0.097399,1
-3.5916,-5.3118,10.2389,-1.1543,1
-5.1216,4.0372,10.3846,-1.0612,1
-3.2854,1.4174,-0.45356,-1.8228,1
-0.56877,-4.8359,-1.4252,-1.1246,1
-2.3518,-13.2889,6.6479,-0.060358,1
-4.4861,-7.7267,17.3087,-3.2194,1
-4.3876,-0.32696,11.9655,-1.4543,1
-3.3604,2.9984,2.1324,0.6017,1
-1.0112,-1.0512,-1.1664,-1.6185,1
0.030219,-8.4985,1.4024,0.77369,1
-1.6514,-12.7406,9.1122,1.2379,1
-3.2692,-6.8452,15.5573,-0.14182,1
-2.5701,0.25244,8.9999,2.1353,1
-1.3066,3.2881,0.7623,1.7758,1
-1.6637,2.8659,-2.2701,-2.2224,1
-0.55008,-0.69529,-1.6488,-2.4319,1
0.21431,-7.4473,0.87711,0.29653,1
-0.77288,-9.0883,6.492,0.36119,1
-1.8391,-5.1277,9.2416,-0.10432,1
-0.63298,0.62905,4.5624,1.4797,1
0.0040545,3.1784,-0.64121,0.75817,1
-0.28696,6.6258,-3.5767,-3.1896,1
-5.2406,2.1438,-0.19908,-6.8607,1
-1.4446,-2.8018,-0.47241,-1.6677,1
-0.65767,-10.1498,3.7115,0.99739,1
-1.5449,-12.0205,9.6152,-1.2332,1
-2.8957,-5.7381,11.9149,-2.7552,1
-0.81479,0.65388,4.3919,0.3211,1
0.50225,3.6357,-1.1793,0.39998,1
0.74521,4.0537,-4.4044,-4.1414,1
-2.9146,-1.3781,-0.45699,-4.0327,1
-1.3907,-8.1157,2.3055,-0.021566,1
-1.786,-9.2828,7.0858,-1.2112,1
-1.7322,-3.4619,7.719,-1.7168,1
0.55298,1.852,1.7048,1.1008,1
2.031,4.0309,-3.0121,0.003003,1
1.2279,6.2699,-4.6435,-3.9125,1
-4.2249,-0.77392,0.15822,-5.5457,1
-2.5346,-6.332,3.3602,0.00171,1
-1.749,-5.167,6.0987,0.14266,1
-0.539,0.89599,3.4399,0.052141,1
1.5631,4.5565,-1.9702,0.65472,1
2.3917,4.7738,-4.9888,-2.8987,1
0.89512,8.1819,-4.8431,-5.5909,1
-5.4808,1.7713,0.27818,-5.0323,1
-2.8833,-2.2535,0.68946,-0.4638,1
-1.4174,-0.94981,1.518,0.61981,1
0.4283,2.2121,-1.0731,0.3211,1
1.5904,3.6833,-3.1183,-0.11725,1
1.7425,3.2405,-4.0129,-1.7207,1
-0.23356,3.9958,-3.0669,-2.7784,1
-3.6227,7.9295,-0.35845,-3.9047,1
-6.1536,2.6652,0.61663,-3.2646,1
-3.9172,-0.23798,0.78886,-0.7819,1
-2.2214,0.89392,0.56008,0.05602,1
-0.49241,2.4066,-1.6283,-0.56854,1
0.26517,1.8189,-2.8416,-0.59958,1
-0.10234,1.0926,-2.2169,-0.56725,1
-1.6176,1.254,-0.35502,-0.59958,1
-1.8448,-2.4087,0.27218,-1.0728,1
-1.2786,-7.6563,4.5735,0.47627,1
-2.902,-5.5167,11.8318,-0.84268,1
-4.3773,3.8385,10.939,-0.4082,1
-2.0529,0.70148,-0.79544,-1.2138,1
0.18868,-6.841,-0.51182,0.0055892,1
-1.7279,-13.7731,8.9494,0.68058,1
-3.3793,-7.1121,17.9274,-2.0323,1
-3.1273,-0.05588,11.3897,-0.083634,1
-2.121,3.4329,1.949,1.353,1
-1.7697,0.13863,-1.2144,-2.3789,1
-0.0012852,-6.8121,-0.19651,0.0081754,1
-1.682,-12.1736,7.1398,1.3323,1
-3.4917,-8.6289,14.3689,-0.61639,1
-3.1158,-0.48422,10.4403,0.97153,1
-2.0891,2.7852,1.704,1.7435,1
-1.6936,3.2715,-2.1835,-1.9276,1
-1.2846,0.39315,-1.7671,-3.2608,1
-0.092194,-6.3879,-0.32846,-0.13794,1
-1.0292,-9.1069,5.5255,0.79955,1
-2.2083,-6.3113,8.9991,-0.28406,1
-1.0744,-0.23591,5.355,0.80472,1
-0.51003,3.0439,0.020273,0.76334,1
-0.36372,6.4479,-3.4816,-2.7836,1
-6.3979,3.3129,1.0836,-6.6176,1
-2.2501,-1.2519,-0.88369,-2.8974,1
-1.1859,-8.8131,2.2635,0.77239,1
-1.8076,-12.9889,8.7086,-0.21682,1
-3.3863,-7.108,13.0545,-2.7202,1
-1.4106,-0.68287,5.6454,0.31335,1
-0.21394,3.5674,0.096532,1.1965,1
0.48797,5.1401,-4.3882,-3.8116,1
-3.8167,0.20692,-0.65063,-5.4306,1
-1.9555,-6.4479,1.2473,-0.3707,1
-2.1786,-9.9532,6.0344,-0.20777,1
-2.3299,-4.0061,8.4756,-1.8733,1
0.0031201,1.0595,1.7956,0.91722,1
1.3518,3.8923,-2.3437,0.39998,1
1.2309,7.5032,-4.8277,-4.0069,1
-5.0301,0.60836,-0.13396,-7.5034,1
-3.0799,-5.227,2.7039,-0.23751,1
-2.2987,-6.541,5.63,0.91722,1
-1.239,0.29176,4.8151,-0.033204,1
0.75896,4.2068,-1.6506,0.83834,1
1.6799,5.2022,-4.5398,-2.3931,1
0.63655,9.2952,-5.2159,-6.1211,1
-6.0598,2.8763,-0.43642,-6.3694,1
-3.518,-1.4092,0.1548,-1.2086,1
-2.0336,-1.7672,1.1582,0.36507,1
-0.69745,1.9161,-0.34474,-0.12372,1
0.75108,3.4826,-3.1098,-0.20518,1
0.84546,3.2136,-3.6307,-1.3961,1
-0.55648,3.2239,-3.3085,-2.7965,1
-3.6817,8.8172,-0.69347,-3.4004,1
-6.7526,3.4515,-0.061983,-3.725,1
-4.577,0.31245,0.66719,-0.94742,1
-2.9883,0.14277,1.3792,0.068951,1
-1.4781,2.3383,-1.1622,-0.48579,1
-0.46651,1.6533,-2.9812,-1.0431,1
-0.8734,1.1815,-2.1964,-0.78061,1
-2.1234,2.0838,-0.55552,-0.81165,1
-2.3142,-0.98912,-0.46813,-1.6767,1
-1.4233,-6.6362,2.3586,0.39481,1
-3.0866,-6.1789,10.5405,-0.89182,1
-4.7331,3.8964,11.388,-1.0741,1
-2.8829,1.525,-0.1888,-1.1672,1
-0.036127,-4.778,-1.4089,-0.76121,1
-1.7104,-13.0551,6.2109,0.3974,1
-3.8203,-8.5089,16.9583,-2.3052,1
-3.7181,-0.60424,12.363,-0.95518,1
-2.899,2.7956,2.6045,1.3776,1
-0.98193,-1.1816,1.3792,-1.5668,1
-0.17296,-8.6848,1.3818,0.7336,1
-1.9409,-12.4922,9.155,0.94049,1
-3.5713,-6.6258,14.8881,-0.47027,1
-2.9915,0.31038,8.6521,1.8198,1
-1.8483,3.2964,0.77344,1.4189,1
-2.2677,2.868,-2.2563,-2.4642,1
-0.50816,-1.0885,-1.8108,-2.2612,1
0.14329,-7.9026,1.0039,0.48791,1
-0.90784,-9.3676,6.7807,0.34179,1
-2.0042,-5.1008,9.3333,-0.10303,1
-0.93587,0.54214,4.5367,1.3866,1
-0.40804,3.3812,-0.52725,0.6586,1
-0.8172,6.6755,-3.6684,-3.456,1
-4.8392,2.1376,-0.24278,-6.5775,1
-1.2792,-3.226,-0.47584,-1.3974,1
-0.66008,-10.7665,3.8058,1.1836,1
-1.7713,-12.2377,10.2184,-1.0043,1
-3.0061,-5.8395,11.9552,-2.1603,1
-1.1022,0.39108,4.5641,0.68705,1
0.11806,3.735,-0.98223,0.42843,1
0.11686,3.9213,-4.4379,-4.3741,1
-2.7264,-1.6906,-0.49212,-3.6371,1
-1.2369,-8.6475,2.518,0.51636,1
-1.8439,-9.6035,7.6796,-0.66682,1
-1.8554,-3.3584,7.7764,-0.97716,1
0.16358,1.9596,1.3749,1.3569,1
1.5077,4.1199,-3.0584,-0.12243,1
0.67886,5.8333,-4.569,-4.1414,1
-3.9934,-0.78427,0.54723,-4.9379,1
-2.3898,-6.7686,3.0141,0.76205,1
-1.7976,-5.5602,6.6753,0.89912,1
-0.70867,1.1029,4.0483,0.903,1
1.0194,4.78,-2.3,0.59395,1
1.7875,4.8773,-5.1362,-3.2362,1
0.27331,8.0433,-4.9194,-5.8198,1
-5.1661,1.6327,0.044265,-4.4983,1
-2.7028,-2.2183,0.83598,-0.091393,1
-1.4904,-1.0243,1.6054,0.89394,1
-0.014902,2.2638,-0.94024,0.64955,1
0.88992,3.6957,-3.1046,-0.11855,1
1.0637,3.1329,-4.1594,-1.9379,1
-0.8471,4.0289,-3.0112,-2.9388,1
-3.9594,7.6584,-0.35845,-3.8957,1
-5.8818,2.5162,1.3792,-2.9155,1
-3.7747,-0.24418,0.83341,-0.30993,1
-2.4198,0.80494,0.70146,0.41809,1
-0.83535,2.6528,-1.6411,-0.19225,1
-0.30432,1.7237,-2.7756,-0.65647,1
-0.60254,1.1815,-2.1501,-0.77027,1
-2.1059,1.2271,-0.53324,-0.82716,1
-2.0441,-2.2121,0.18564,-1.091,1
-1.5621,-7.2135,4.2591,0.27972,1
-3.2305,-4.9932,11.6433,-0.94613,1
-4.8426,3.6668,10.4052,-0.53104,1
-2.3147,0.60422,-0.6969,-1.2474,1
-0.11716,-6.719,-0.38587,-0.059065,1
-2.0066,-13.6779,9.0162,0.099985,1
-3.6961,-6.5389,17.5795,-2.6181,1
-3.6012,0.18002,10.5234,-0.48967,1
-2.6286,2.9611,1.7956,0.97282,1
-0.82601,-0.99326,-1.2864,-1.4647,1
0.31803,-8.4385,1.0947,0.88619,1
-1.4454,-13.0365,8.8483,0.96894,1
-3.1423,-6.959,1.3792,-0.66165,1
-2.5373,0.18416,8.8054,1.5289,1
-1.366,3.3088,0.90539,1.5806,1
-1.7064,2.9094,-2.2829,-2.1978,1
-0.41965,-0.82358,-1.7859,-2.2069,1
0.37637,-7.9233,0.78543,0.74524,1
-0.55355,-9.5828,6.7156,0.74394,1
-1.6001,-5.554,9.4044,0.081882,1
-0.37013,0.22347,4.7749,1.547,1
0.12126,3.2674,-0.47327,0.97024,1
-0.27068,6.6486,-3.5562,-3.0888,1
-5.119,2.3134,-0.049987,-6.5206,1
-1.3946,-3.3771,-0.44499,-1.4905,1
-0.69879,-10.5244,4.1211,1.5043,1
-1.48,-12.813,9.9176,-0.5026,1
-2.6649,-6.301,12.6689,-1.9082,1
-0.62684,0.25865,4.7843,1.106,1
0.518,3.764,-0.84085,0.96118,1
0.64376,4.1986,-4.4738,-4.0483,1
-2.9821,-1.5706,-0.5898,-3.9642,1
-1.4628,-8.7903,2.4357,0.49826,1
-1.7101,-9.8808,7.9735,-0.45475,1
-1.5572,-3.7723,8.1088,-1.0806,1
0.74428,1.7982,1.6131,1.5754,1
2.0177,3.913,-2.9581,0.2099,1
1.164,6.0692,-4.5544,-3.8672,1
-4.3667,-1.0553,0.57208,-5.4668,1
-2.5919,-6.8141,3.8949,0.77757,1
-1.8046,-5.7154,6.7019,1.1681,1
-0.71868,0.66837,3.8298,1.0233,1
1.4378,4.5503,-2.0267,1.0271,1
2.1943,4.8525,-4.976,-2.7254,1
0.7376,8.1261,-4.7986,-5.6659,1
-5.637,1.7775,0.13081,-5.0142,1
-3.0193,-2.09,0.73745,-0.45346,1
-1.6706,-1.1505,1.584,0.71162,1
-0.1269,2.0982,-0.95138,0.57843,1
1.2198,3.6067,-3.1954,0.12843,1
1.4501,3.0977,-4.0557,-1.5966,1
-0.40857,3.8157,-2.9607,-2.6892,1
-3.8952,8.0102,-0.31304,-3.8194,1
-6.3679,2.7749,0.4247,-3.2207,1
-4.1429,-0.097265,0.68261,-0.71984,1
-2.6864,0.79459,0.61663,0.061192,1
-1.0555,2.4769,-1.6968,-0.46768,1
-0.29858,1.7734,-2.9512,-0.66165,1
-0.49948,0.99945,-2.2469,-0.68104,1
-1.9881,1.5706,-0.28562,-0.70044,1
-1.9389,-1.8624,0.045979,-1.122,1
-1.4375,-7.5756,4.026,0.55127,1
-3.1875,-5.6636,11.8678,-0.57889,1
-4.6765,3.8468,10.969,-0.33449,1
-2.0285,0.73252,-0.63435,-1.175,1
0.26637,-6.4624,-0.67891,0.03533,1
-1.7589,-13.6593,8.4773,0.31981,1
-3.5985,-7.2404,17.6052,-2.4927,1
-3.3582,-0.10554,11.4419,-0.57113,1
-2.3629,3.3791,1.9336,1.1358,1
-2.1802,-0.15521,-1.2256,-2.6621,1
-0.40951,-7.257,0.060545,-0.088807,1
-2.2918,-12.8006,7.9597,0.9211,1
-4.0214,-8.215,15.6199,-0.95647,1
-3.3884,-0.49457,10.3315,0.98187,1
-2.0046,2.7956,1.333,1.6543,1
-1.7063,3.3584,-2.378,-2.3491,1
-1.6386,0.32487,-1.7302,-3.5646,1
-0.41645,-6.6072,-0.33617,-0.36036,1
-1.5877,-9.349,5.8022,0.31593,1
-2.5961,-6.4789,9.7942,-0.28018,1
-1.5228,-0.097265,5.7568,0.87325,1
-0.53072,2.8452,-0.21793,1.0426,1
-0.49081,6.8017,-3.6436,-3.1004,1
-6.5773,2.7645,0.85483,-7.5344,1
-2.4621,-1.9162,-0.62578,-2.8573,1
-1.3995,-9.3304,2.5154,0.59912,1
-2.3221,-12.9723,9.233,-0.79871,1
-3.73,-7.1163,12.9817,-2.684,1
-1.6988,1.9352,5.7902,0.16723,1
-0.26654,3.3108,-0.42014,0.89136,1
0.33325,4.7283,-4.5081,-4.012,1
-4.2091,-0.68494,-0.49126,-5.2159,1
-2.3142,-7.4494,1.9833,-0.44829,1
-2.4835,-10.5099,6.8964,-0.64484,1
-2.7611,-4.449,1.3792,-1.9547,1
-0.36025,0.9022,2.1067,0.94308,1
1.0117,3.8426,-2.3506,0.42714,1
0.96708,7.259,-4.9314,-4.1323,1
-5.2049,-0.02691,0.070827,-7.3004,1
-3.3203,-5.7899,2.9618,-0.44958,1
-2.565,-6.572,6.0122,0.046968,1
-1.5951,0.17174,4.7689,-0.94354,1
0.7049,3.9544,-1.7859,0.36119,1
1.7331,4.8504,-4.7412,-2.5017,1
0.6818,9.2848,-5.2133,-6.1043,1
-6.3364,2.4273,0.014275,-6.7844,1
-3.8053,-2.1252,0.6809,-1.0871,1
-2.1979,-2.2121,1.3792,0.45171,1
-0.87874,1.7299,-0.051701,0.099985,1
0.74067,3.4226,-3.1963,-0.1457,1
0.98296,3.1929,-3.9692,-1.7116,1
-0.3489,3.5219,-3.4054,-3.1832,1
-3.8552,8.9931,-0.38415,-3.8608,1
-6.9599,3.1205,0.2182,-4.572,1
-4.7462,-0.14279,1.075,-1.2966,1
-3.2051,1.9352,0.97565,0.045675,1
-1.7549,2.4811,-0.75774,-0.3707,1
-0.59587,2.0279,-2.8673,-0.89828,1
-0.89542,1.2767,-2.3652,-1.2746,1
-2.0754,1.8023,-0.64206,-1.2642,1
-3.2778,-1.254,0.1805,-2.3931,1
-2.2183,-6.572,2.9986,0.36378,1
-3.5895,-5.8023,10.5251,-0.16381,1
-5.0477,3.944,11.244,-0.3901,1
-3.5741,1.7361,-0.07912,-2.1203,1
-0.7351,-4.7428,-1.4938,-1.1582,1
-2.2617,-13.0634,6.3489,0.11162,1
-4.244,-8.304,17.1116,-2.8017,1
-4.0218,-0.67253,12.555,-1.5099,1
-3.0201,3.5447,2.7056,0.85774,1
-2.4941,0.039307,-1.3721,-2.8483,1
-0.83121,-6.8824,0.05369,-0.23105,1
-2.5665,-12.9371,7.5416,0.70774,1
-4.4018,-8.2916,15.6559,-1.6806,1
-3.7573,-0.40145,10.3032,0.38059,1
-2.4725,2.8825,1.4855,1.1189,1
-1.9725,3.6874,-2.3086,-2.3724,1
-2.0149,0.65181,-1.9385,-3.8918,1
-0.82053,-6.3486,-0.48869,-0.52716,1
-1.7886,-9.4711,5.6154,0.42584,1
-2.9138,-6.5907,9.7668,-0.60216,1
-1.8343,-0.033118,5.6429,0.54998,1
-0.8734,2.957,-0.20165,0.55774,1
-0.70346,6.9879,-3.5947,-3.1457,1
-6.7387,3.2777,0.67833,-7.5887,1
-2.7723,-1.3678,-0.9351,-3.1457,1
-1.6641,-9.2497,1.997,0.52283,1
-2.4349,-12.7095,8.9922,-0.50001,1
-3.793,-6.9756,12.7957,-2.825,1
-1.9551,-0.50077,5.5383,-0.12889,1
-0.69078,3.3998,-0.35417,0.47498,1
0.025013,4.9601,-4.4327,-4.2655,1
-4.3967,-0.24418,-0.64892,-5.4719,1
-2.456,-6.8555,1.4041,-0.45863,1
-2.62,-10.3257,6.2169,-0.62285,1
-2.9662,-4.4448,8.784,-2.1138,1
-0.71494,0.99945,2.2241,0.49826,1
0.6005,3.8944,-2.2126,0.097399,1
0.61652,7.2363,-4.7275,-4.3948,1
-5.4414,0.45937,0.10938,-7.5642,1
-3.5798,-5.6967,2.3457,-0.45734,1
-2.7769,-6.7562,5.9179,0.37671,1
-1.8356,0.17381,5.0585,-0.55044,1
0.30081,4.1323,-1.7542,0.48921,1
1.3403,4.987,-4.7018,-2.5987,1
0.26877,9.6014,-5.1508,-6.3913,1
-6.5235,2.4955,-0.25392,-6.9642,1
-4.0679,-1.7051,0.79571,-1.1039,1
-2.564,-1.9162,1.5026,0.32757,1
-1.3414,2.0879,-0.15538,-0.11984,1
0.23874,3.6771,-3.3522,-0.66553,1
0.6212,3.4019,-4.0771,-2.0711,1
-0.77848,3.7909,-3.4859,-3.5569,1
-4.1244,9.2,-0.6532,-4.1802,1
-7.0421,3.5716,0.25933,-4.6832,1
-4.9462,0.30417,0.82742,-1.4957,1
-3.5359,0.16967,0.6569,-0.2957,1
-2.0662,2.808,-1.0054,-0.82975,1
-0.88728,2.3072,-3.1432,-1.2035,1
-1.0941,1.6285,-2.5237,-1.4453,1
-2.4458,1.8955,-0.88541,-1.4802,1
-3.551,-0.85669,0.1865,-2.4409,1
-2.2811,-5.974,2.7185,0.044382,1
-3.6053,-5.1877,10.0916,-0.82846,1
-5.0676,4.0723,10.4266,-0.86725,1
-3.9204,1.8458,-0.23678,-2.1151,1
-1.1306,-4.5566,-1.3575,-1.3806,1
-2.4561,-13.0303,6.4534,-0.056479,1
-4.4775,-8.1819,17.0834,-3.0345,1
-4.1958,-0.7077,12.1291,-1.6017,1
-3.38,3.6026,2.5325,0.71808,1
-2.4365,0.13036,-1.4166,-2.8948,1
-0.77688,-6.8266,-0.031137,-0.35389,1
-2.7083,-12.5854,7.5339,0.59007,1
-4.5531,-7.8322,15.4417,-1.4983,1
-3.8894,-0.22763,9.8208,0.47498,1
-2.5084,3.0211,1.488,1.2069,1
-2.1652,3.5074,-2.4132,-2.4241,1
-1.8974,0.5587,-1.7842,-3.8491,1
-0.62043,-6.301,-0.38587,-0.66423,1
-1.8387,-9.1566,5.6506,0.19567,1
-3,-6.1603,9.5766,-0.73018,1
-1.9116,0.084831,5.606,0.48533,1
-1.005,3.257,-0.2462,0.45688,1
-0.87834,6.7934,-3.6778,-3.2944,1
-6.651,3.1101,0.68604,-7.5887,1
-2.5463,-1.432,-0.83228,-3.0358,1
-1.4377,-9.0407,2.1144,0.42067,1
-2.4554,-12.8792,8.862,-0.86983,1
-3.9411,-6.8969,13.0597,-3.3125,1
-2.1241,-0.32902,5.5992,-0.47156,1
-0.74324,3.7412,-0.42785,0.23317,1
-0.071503,4.9166,-4.5415,-4.2526,1
-4.2333,-0.43663,-0.49212,-5.3207,1
-2.3675,-7.3625,1.692,-0.43018,1
-2.5526,-10.4602,6.9255,-0.66811,1
-3.0986,-4.4862,8.9717,-2.3427,1
-0.89809,1.0015,2.2009,0.50731,1
0.56232,3.8944,-2.2726,-0.0060486,1
0.53936,7.3915,-4.8166,-4.3418,1
-5.3012,0.35591,0.029699,-7.3987,1
-3.3553,-5.7133,2.6473,-0.37846,1
-2.7908,-6.6072,5.953,0.45946,1
-1.9983,0.11794,4.8254,-0.41984,1
0.15423,4.0744,-1.6823,0.59524,1
1.208,4.8856,-4.7635,-2.6129,1
0.2952,9.5311,-5.149,-6.2323,1
-6.4247,2.6218,0.022844,-6.8517,1
-3.9933,-1.6058,0.62863,-1.1595,1
-2.659,-2.1252,1.3647,0.16464,1
-1.4094,1.9741,-0.10397,-0.19225,1
0.11032,3.644,-3.3668,-0.65259,1
0.52374,3.4598,-4.0746,-1.9909,1
-0.76794,3.6812,-3.4405,-3.4276,1
-3.9698,9.2931,-0.60008,-4.0133,1
-7.0364,3.3005,0.16594,-4.5396,1
-4.9447,0.22968,1.063,-1.444,1
-3.5933,0.12415,0.7126,-0.3332,1
-2.1674,2.6963,-1.0465,-0.86208,1
-0.9607,2.1996,-3.1226,-1.3121,1
-1.0802,1.4381,-2.5862,-1.2759,1
-2.3277,1.9037,-0.82114,-1.2862,1
-3.7244,-0.95602,-0.035421,-2.5095,1
-2.5724,-6.0816,2.7073,-0.16639,1
-3.9297,-5.1463,10.0958,-1.0147,1
-5.2943,4.0392,10.3332,-1.1181,1
-3.8953,1.7485,-0.3019,-2.1836,1
-1.2244,-4.4159,-1.4801,-1.4181,1
-2.6406,-12.7509,5.983,-0.13924,1
-4.6338,-7.8633,16.7166,-3.2168,1
-4.2887,-0.50491,11.8387,-1.8978,1
-3.3458,3.3357,1.3792,0.53705,1
-1.1188,-0.3104,-1.3455,-1.9573,1
0.55939,-7.3191,0.18307,0.44653,1
-1.5078,1.9352,7.8981,1.2289,1
-3.506,-8.273,15.1606,-0.75216,1
-2.9498,-0.38903,10.2646,1.1629,1
-1.6029,2.8183,1.62,1.9103,1
-1.2667,3.0605,-2.426,-1.8862,1
-0.49281,-0.045533,1.3792,-2.834,1
0.66365,-6.7583,-0.18794,0.23447,1
-0.72068,-9.5001,5.8408,0.62369,1
-1.9966,-6.4168,9.682,-0.12889,1
-0.97325,-0.17383,5.6026,1.0323,1
-0.025314,2.9301,-0.11339,1.2198,1
0.062525,6.3258,1.3792,-2.6737,1
-5.525,2.6735,0.89768,-6.6241,1
-1.2943,-1.7837,-0.84085,-2.0323,1
-0.24037,-9.6698,2.135,1.2418,1
-1.3968,-13.2869,9.4652,-0.34872,1
-2.9672,-7.2508,13.4727,-2.6271,1
-1.1005,-0.52147,6.0139,0.36895,1
0.22432,1.9352,-0.40386,1.2017,1
0.90407,4.5193,-4.4987,-3.6965,1
-2.8619,-0.31247,-0.58123,-4.2629,1
-1.0833,-7.2446,1.2815,0.41291,1
-1.5681,-10.8679,1.3792,-0.1276,1
-2.0545,-4.5152,9.4926,-1.4116,1
0.2346,0.86909,2.1195,1.4448,1
1.581,3.8013,-2.3138,0.82412,1
1.5514,7.1225,-4.9143,-3.7483,1
-4.1479,-0.099335,-0.083404,-6.4172,1
-2.2625,-5.823,2.8127,0.48662,1
-1.7479,-6.7128,5.8699,1.212,1
-0.95923,0.23589,4.9857,0.32886,1
1.3451,4.0951,-1.8785,1.3258,1
2.2279,4.8731,-4.8037,-2.1112,1
1.2572,9.1214,-5.2861,-5.8741,1
-5.3857,2.3445,-0.41929,-5.9181,1
-2.9786,-2.1562,0.52667,-0.40173,1
-1.5851,-2.2038,1.7082,0.9017,1
-0.21888,1.9017,-0.0954,0.56421,1
1.3183,3.4288,-3.3111,0.065071,1
1.4896,3.2219,-4.0309,-1.4259,1
0.11592,3.3564,-3.4302,-2.8457,1
-3.3924,8.7096,-0.72004,-3.5233,1
-6.1632,2.9239,-0.21621,-3.6345,1
-4.0786,1.9352,0.87026,-0.65389,1
-2.5899,-0.19038,0.93452,0.42972,1
-1.0116,2.4914,-0.90597,0.003003,1
0.066129,1.9368,-2.9401,-0.62156,1
-0.24745,1.0636,-2.4697,-0.80518,1
-1.5732,1.5933,1.3792,-0.8388,1
-2.1668,-1.4237,0.045122,-1.678,1
-1.1667,-6.63,2.9241,0.66119,1
-2.8391,-5.8126,10.4849,-0.42113,1
-4.5046,3.7433,10.8867,-0.52846,1
-2.41,1.3492,1.3792,-1.2953,1
0.40614,-4.8773,-1.4501,-0.55949,1
-1.3887,-13.4586,6.4774,0.34179,1
-3.7503,-8.3827,1.3792,-2.7771,1
-3.5637,1.9352,12.393,-1.2823,1
-2.5419,1.9352,2.6842,1.1952,1
